Name,National ID,Phone,Address
Austin Roth,CIT4010956,+21676624741,Lake Erinton
Scott Cummings,CIT2380365,+21651355895,Barrybury
Christopher Fernandez,CIT5316578,+21661327453,Reneemouth
Sabrina Stevenson,CIT4617130,+21668271861,Harrisstad
Jennifer Martinez,CIT4263590,+21608084132,Port Brianville
Jennifer Jordan,CIT1313542,+21655766313,East Samantha
Tracy Cox,CIT3709184,+21687883492,West Charles
Michelle Morgan,CIT5226727,+21643540102,West Steven
Steven Martin,CIT7582633,+21645445444,North Sandrabury
Rebecca Allen,CIT7179624,+21608750947,Heatherville
Charles Wiggins,CIT5872606,+21600785551,New Mary
Emily Jacobs,CIT5005087,+21692846787,Natalieland
Timothy Bailey,CIT1174591,+21658749708,East Erinland
Jason Jackson,CIT7299364,+21679900354,Smithchester
James Ward,CIT6380217,+21647749656,Harpermouth
Debra Harris,CIT2176354,+21672186766,South Ashley
Jon Park,CIT8827638,+21683940213,South Jason
Steven Olson,CIT1764521,+21679945837,Heidiborough
Regina Adams,CIT9437940,+21679556412,Davidborough
Elizabeth Martinez,CIT0177578,+21616027461,West Angelaland
Terry Gomez,CIT2549537,+21656963533,Michellebury
Timothy Johnson,CIT7284452,+21672959444,Port Davidtown
Eric Preston,CIT9232252,+21663186456,Lake Ashleyside
Ethan Richardson,CIT9299493,+21661968381,Riveraview
James Phillips,CIT6374177,+21620726149,Lake Dominicmouth
Cristina Green,CIT1377682,+21657055875,North Christine
Curtis Parker,CIT8428104,+21689118271,Valeriebury
Colleen Hendricks,CIT3558837,+21631038244,New Briantown
Terry Stewart,CIT7850610,+21675568689,West Carrie
David Weaver,CIT7215292,+21632644869,Lake Stephenland
Shannon Moss,CIT8466031,+21652733627,North Saraview
Robert Hawkins,CIT4234471,+21604654596,Kendrastad
Elizabeth Anderson,CIT4742802,+21604671266,Bethburgh
Gary Parker,CIT9158168,+21656572841,West David
Brandon Richardson,CIT8775221,+21659621607,East William
Heather Carroll,CIT0196087,+21602579540,Bellshire
Mary Blackburn,CIT5029047,+21694717906,Christinaside
Dr. Gail Clark,CIT4476787,+21642892591,Jonesside
James Baker,CIT3758470,+21649408323,New Robertfort
Brianna Jackson,CIT6932302,+21615374219,Rebeccashire
Justin Castillo,CIT8807160,+21659334773,Andreahaven
Amanda Becker,CIT3912192,+21658193166,South Rachelchester
Angela Peterson,CIT6974040,+21616574799,Stewartshire
Maria Joyce,CIT5745364,+21640178424,Aprilfort
Carla Diaz,CIT0285468,+21697069210,Lake Pedro
Jessica Petersen,CIT3360899,+21689881761,Jillianport
Kelly Rivera,CIT9690074,+21636053611,East Nicholaston
Michele Collins,CIT8264814,+21681062798,Kellyhaven
Todd Keith,CIT6730570,+21682730283,North Paulside
Susan Cook,CIT1411466,+21612924347,East Kathleen
